start,cost,l1,t1,l2,t2
34,1.0246929101964033e-30,2.6994084448716076,26.116016915901174,1.8018399177572042,138.22815037951477
15,1.35667883692563e-30,2.699408444871282,26.116016915904016,1.801839917757177,138.22815037951543
22,1.8522440203614234e-30,2.6994084448713975,26.11601691590266,1.8018399177571967,138.2281503795149
8,1.925929944387236e-30,2.6994084448714344,26.116016915903412,1.8018399177571727,138.22815037951563
4,1.925929944387236e-30,2.699408444871693,26.116016915900047,1.8018399177572202,138.22815037951432
17,2.9099795443799374e-30,2.699408444871342,26.11601691590368,1.801839917757179,138.22815037951537
19,3.0848391847692543e-30,2.6994084448717617,26.11601691589992,1.8018399177572137,138.2281503795145
30,3.577892049093431e-30,2.699408444871159,26.116016915906183,1.801839917757143,138.22815037951642
32,3.648192258633914e-30,2.699408444872041,26.116016915896918,1.8018399177572535,138.2281503795134
9,4.9535899967463645e-30,2.699408444871681,26.116016915900488,1.801839917757209,138.2281503795146
5,4.996524780708722e-30,2.699408444871553,26.116016915901778,1.8018399177571967,138.22815037951503
35,5.9198228614683096e-30,2.699408444871523,26.116016915902367,1.8018399177571847,138.22815037951534
11,6.287059494556953e-30,2.6994084448710547,26.11601691590665,1.801839917757144,138.22815037951634
1,7.075380828100651e-30,2.699408444871489,26.11601691590254,1.8018399177571862,138.22815037951526
36,7.137780958298798e-30,2.6994084448713904,26.11601691590318,1.8018399177571829,138.2281503795153
24,7.703719777548943e-30,2.6994084448713362,26.11601691590311,1.8018399177571927,138.228150379515
2,8.61612478361044e-30,2.6994084448713207,26.11601691590441,1.8018399177571598,138.22815037951605
23,9.629649721936179e-30,2.6994084448716666,26.11601691590058,1.8018399177572113,138.22815037951455
39,9.629649721936179e-30,2.6994084448718483,26.116016915899387,1.8018399177572144,138.22815037951452
27,1.0233905936895718e-29,2.6994084448716777,26.116016915900826,1.8018399177572055,138.22815037951474
29,1.0527417660420333e-29,2.699408444870778,26.116016915908805,1.8018399177571263,138.22815037951685
18,1.0527417660420333e-29,2.6994084448711977,26.116016915904815,1.801839917757166,138.2281503795158
28,1.2231480475214159e-29,2.699408444871579,26.1160169159013,1.801839917757203,138.22815037951477
16,1.2580272576519818e-29,2.6994084448712057,26.116016915905025,1.8018399177571642,138.22815037951582
38,1.2822355782152164e-29,2.6994084448717537,26.116016915900094,1.801839917757211,138.2281503795146
0,1.2924815255193565e-29,2.699408444871113,26.11601691590602,1.8018399177571538,138.22815037951605
7,1.299006607300229e-29,2.699408444871883,26.11601691589912,1.8018399177572155,138.22815037951452
14,1.3169145538901434e-29,2.69940844487175,26.11601691589941,1.801839917757227,138.22815037951412
10,1.7226655760198243e-29,2.6994084448716613,26.116016915900442,1.8018399177572149,138.2281503795144
33,1.8598629058335532e-29,2.6994084448713735,26.11601691590325,1.8018399177571838,138.2281503795153
6,2.7870031623638515e-29,2.699408444871452,26.116016915902136,1.801839917757201,138.22815037951477
31,3.259008593278171e-29,2.6994084448716578,26.11601691590136,1.8018399177571933,138.22815037951506
13,3.954329179794112e-29,2.699408444871442,26.116016915902946,1.8018399177571827,138.2281503795153
25,3.964416613134388e-29,2.6994084448710134,26.116016915907064,1.801839917757137,138.22815037951656
3,4.4246795486316847e-29,2.699408444871723,26.116016915900605,1.801839917757206,138.22815037951472
21,6.029506613841845e-29,2.699408444872256,26.116016915896058,1.8018399177572442,138.22815037951372
37,6.439105597306479e-29,2.6994084448709454,26.11601691590774,1.8018399177571292,138.22815037951682
26,9.746812513051746e-29,2.699408444871256,26.11601691590506,1.8018399177571567,138.22815037951608
20,1.17507433467287e-28,2.699408444871154,26.116016915906137,1.8018399177571447,138.22815037951636
12,1.994256932952704e-28,2.699408444870897,26.11601691590789,1.8018399177571334,138.22815037951665
