paper_id,site_id,name,n_paper,n_site,t3_paper,t3_site,t4_paper,t4_site,lambda1_paper,lambda1_lmom,lambda1_mle,theta1_paper,theta1_lmom,theta1_mle,lambda2_paper,lambda2_lmom,lambda2_mle,theta2_paper,theta2_lmom,theta2_mle,theta_star_paper,theta_star_lmom,theta_star_mle,lambda_star_paper,lambda_star_lmom,lambda_star_mle,lmom_fit_cost,lmom_fit_t3_check,lmom_fit_t4_check,paper_params_vs_site_t3,paper_params_vs_site_t4,q100_paper_params,q100_lmom,q100_mle
1,102101,Pascoe River at Fall Creek,53,54,0.27,0.2539275639400541,0.168,0.16676546008503682,2.82,2.4204540057173376,2.399512123624763,253.33,279.76739932938597,163.5482868050145,1.79,1.848435560486912,2.626575686653697,733.66,719.604857652139,635.7308956308676,2.9,2.572154080057439,3.8871143687906593,1.25,1.3108506434924325,2.0970046642567928,3.2235914387768423e-31,0.253927563940054,0.16676546008503673,0.015925900807789495,0.001224948430047279,3802.156221806563,3752.6306519273667,3538.3702817084454
2,110003,Barron River at Picnic Crossing,95,96,0.423,0.4238048227417241,0.248,0.24738671241968474,3.11,3.092375429364777,3.862847828253043,29.0,28.556532415220587,16.68365672328307,0.7,0.7021356905372635,1.1620706258025537,156.11,155.19533980134767,119.57915376079288,5.38,5.43467034248979,7.167442710201104,0.57,0.5704340200423887,0.9623815903762718,1.6872380486524758e-31,0.4238048227417244,0.24738671241968457,-0.0009121206139042215,0.0004711245907434436,662.4487760933762,659.0402158241168,568.0431514925428
3,112002,Fisher Creek at Nerada,91,93,0.4,0.4035137227165912,0.185,0.18410457812994394,4.19,4.570345945147748,5.428218629446138,9.97,9.48898542526814,7.9117171203129875,1.05,1.0487342391968866,1.1981405035691282,74.78,74.5180024540951,68.98479058981418,7.5,7.853105375803585,8.719319654730672,0.86,0.8642288208566213,0.9868507651315452,0.0,0.4035137227165912,0.18410457812994394,-0.0036448618800481447,0.00039852474028309604,347.64768765496535,346.33979231080065,329.81076512117096
4,121001,Don River at Ida Creek,63,62,0.507,0.5263990253754064,0.318,0.32290079639880814,3.97,4.559507751904604,5.347692309413499,167.25,146.10010298804306,116.41971746730775,0.48,0.4840117123162451,0.6892645758962449,1304.44,1310.4615539587312,1054.858993739985,7.8,8.96961416971746,9.060827638893763,0.4,0.4086906902345496,0.5728246938688599,0.0,0.5263990253754064,0.32290079639880814,-0.018948755051421684,-0.0053316885485023,5043.199906676177,5077.387291939423,4459.9640207537195
5,129001,Waterpark Creek at Byfield,67,67,0.398,0.3914093211014135,0.29,0.3179303820991948,2.92,3.5465806361594647,3.788540358061977,103.61,118.1559831412372,108.975131840379,0.35,0.1587168622326354,0.2192259814231535,459.55,640.7207101887368,547.7497862366574,4.43,5.422668350386068,5.026374155151033,0.27,0.12567012753589768,0.16819175627489305,6.685763451240035e-31,0.39140932110141413,0.3179303820991945,0.006891940438685629,-0.027777994944953976,1631.5721663385923,1768.1506014843862,1688.4756224547968
6,136203,Barker Creek at Brooklands,80,72,0.426,0.4341505754114478,0.219,0.22379760106467322,2.14,1.883493617156109,2.01047904657376,24.05,22.34718990239085,4.181698543742619,0.79,0.7479657394379775,1.3733008615315756,162.29,156.67302832411593,107.62268770620425,6.75,7.010860381481523,25.736596404647088,0.71,0.6833795224641518,1.336536842502169,0.0,0.4341505754114478,0.22379760106467322,-0.008597582659807812,-0.005292341208451817,708.3028405120339,675.2217595825036,529.2201945036463
7,145102,Albert River at Bromfleet,93,94,0.349,0.34039429889748,0.16,0.15507634718777324,2.45,2.236302614188882,2.6614000408182164,69.0,67.43076517542823,43.883899652070816,1.25,1.293492617056068,1.5191463715452578,434.06,427.4201272071476,391.3722117552933,6.29,6.338651594641839,8.918355361721483,1.09,1.1392557294222452,1.3612338568765738,4.976772919590356e-31,0.34039429889748063,0.15507634718777347,0.008489945680827948,0.00530568275772253,2093.5984632651225,2076.191234110151,1964.0223116639804
8,422306,Swan Creek at Swanfels,101,101,0.462,0.45892839388734175,0.23,0.23622840747297974,2.58,2.2901121508923343,2.3435427818041714,9.81,10.714741546134263,6.883831410325619,0.73,0.7062679613608503,0.995934776933523,87.19,86.9345244353445,70.13444979205786,8.89,8.113543762211355,10.188286959912688,0.66,0.6377007193783001,0.9160668366168644,0.0,0.45892839388734175,0.23622840747297974,0.003453558905632481,-0.005434041922828342,373.6473812400767,369.6793860406396,322.34324170057874
9,145003,Logan R at Forest Home,66,68,0.381,0.39012355305706925,0.239,0.25512729862219363,2.26,2.6229903288735077,2.600176882042887,80.55,82.57981647763336,33.361041982702844,0.66,0.5782978519717397,1.5015122030628154,333.34,346.90316723996085,220.85383225201429,4.14,4.200822695384884,6.620111936747161,0.54,0.45968211807228376,1.29969266341205,0.0,0.39012355305706925,0.25512729862219363,-0.008761322541445626,-0.015358059056131607,1394.9080846578545,1405.8228473909123,1105.7316470406056
10,210017,Moonan Brook at Moonan Brook,80,73,0.495,0.47850086265334263,0.304,0.28778510059407125,5.01,5.462362575168262,5.273427492508007,5.0,4.78897267927631,5.213505171442705,0.53,0.5945230938295971,0.5080628917996651,37.12,33.31035718962725,36.124000438144044,7.42,6.955637340295074,6.928927707987224,0.43,0.4657542229435828,0.3996715451145985,3.552121876490377e-31,0.4785008626533422,0.2877851005940715,0.016984197463830675,0.017429453004527196,147.19085782816066,135.91137078097225,141.7144245048972
11,210011,Williams River at Tillegra,89,88,0.349,0.3426448267910397,0.193,0.19831689237258388,2.61,2.696066294232921,3.7077120227172276,75.04,83.97407226323722,30.733308853700162,1.08,1.0527711676947213,1.906938006709514,321.58,325.9372367124499,247.75499866958722,4.29,3.8814032465964026,8.061448894063957,0.87,0.8153819330662796,1.620841623674163,0.0,0.3426448267910397,0.19831689237258388,0.007000518120184429,-0.005300101475971042,1504.0652847570273,1516.1228023275844,1299.635524307571
12,215004,Corang River at Hockeys,90,94,0.277,0.287335978263888,0.146,0.14143866384399775,2.24,2.6994084448716076,17.346684030567378,30.9,26.116016915901174,7.860886054751439,1.84,1.8018399177572042,2.1815402585458026,136.23,138.22815037951477,125.79552819197778,4.41,5.292849626519894,16.002716146221438,1.53,1.4936018432700062,1.8252625721924745,1.0246929101964033e-30,0.28733597826388735,0.14143866384399706,-0.010162901850991057,0.004998543804008326,709.7466961990947,717.2600040451399,676.8026345209953
